,stats,aic
0,"ARIMA(0, 0, 0)x(0, 0, 0, 12)",3170.805482310809
1,"ARIMA(0, 0, 0)x(0, 0, 1, 12)",2510.8868658447896
2,"ARIMA(0, 0, 0)x(0, 0, 2, 12)",1999.9285782473967
3,"ARIMA(0, 0, 0)x(0, 1, 0, 12)",377.3778725925457
4,"ARIMA(0, 0, 0)x(0, 1, 1, 12)",123.42506231697416
5,"ARIMA(0, 0, 0)x(0, 1, 2, 12)",120.95633833152064
6,"ARIMA(0, 0, 0)x(0, 2, 0, 12)",884.7358604789829
7,"ARIMA(0, 0, 0)x(0, 2, 1, 12)",399.4149638140028
8,"ARIMA(0, 0, 0)x(0, 2, 2, 12)",192.74303250801103
9,"ARIMA(0, 0, 0)x(1, 0, 0, 12)",378.5581805683701
10,"ARIMA(0, 0, 0)x(1, 0, 1, 12)",138.3324322912835
11,"ARIMA(0, 0, 0)x(1, 0, 2, 12)",129.82276423934687
12,"ARIMA(0, 0, 0)x(1, 1, 0, 12)",236.8534167273705
13,"ARIMA(0, 0, 0)x(1, 1, 1, 12)",128.54123376194872
14,"ARIMA(0, 0, 0)x(1, 1, 2, 12)",122.8312729127659
15,"ARIMA(0, 0, 0)x(1, 2, 0, 12)",589.8411322773118
16,"ARIMA(0, 0, 0)x(1, 2, 1, 12)",287.63116741498925
17,"ARIMA(0, 0, 0)x(1, 2, 2, 12)",204.14228766213682
18,"ARIMA(0, 0, 0)x(2, 0, 0, 12)",238.56439010679307
19,"ARIMA(0, 0, 0)x(2, 0, 1, 12)",131.2032419972208
20,"ARIMA(0, 0, 0)x(2, 0, 2, 12)",129.88627616604873
21,"ARIMA(0, 0, 0)x(2, 1, 0, 12)",193.71908257690234
22,"ARIMA(0, 0, 0)x(2, 1, 1, 12)",119.43924840194006
23,"ARIMA(0, 0, 0)x(2, 1, 2, 12)",120.01221110589589
24,"ARIMA(0, 0, 0)x(2, 2, 0, 12)",461.9517888726455
25,"ARIMA(0, 0, 0)x(2, 2, 1, 12)",245.83966285827387
26,"ARIMA(0, 0, 0)x(2, 2, 2, 12)",210.20863159615442
27,"ARIMA(0, 0, 1)x(0, 0, 0, 12)",2523.286166525338
28,"ARIMA(0, 0, 1)x(0, 0, 1, 12)",2008.7050504684964
29,"ARIMA(0, 0, 1)x(0, 0, 2, 12)",1660.4747385021424
30,"ARIMA(0, 0, 1)x(0, 1, 0, 12)",375.35044866588703
31,"ARIMA(0, 0, 1)x(0, 1, 1, 12)",109.41456437819357
32,"ARIMA(0, 0, 1)x(0, 1, 2, 12)",104.45369705723718
33,"ARIMA(0, 0, 1)x(0, 2, 0, 12)",878.9677514382054
34,"ARIMA(0, 0, 1)x(0, 2, 1, 12)",398.4133166103595
35,"ARIMA(0, 0, 1)x(0, 2, 2, 12)",186.4625548950473
36,"ARIMA(0, 0, 1)x(1, 0, 0, 12)",377.81758847221937
37,"ARIMA(0, 0, 1)x(1, 0, 1, 12)",384.50327436768794
38,"ARIMA(0, 0, 1)x(1, 0, 2, 12)",113.36577221295416
39,"ARIMA(0, 0, 1)x(1, 1, 0, 12)",236.6746821362102
40,"ARIMA(0, 0, 1)x(1, 1, 1, 12)",116.27747185422422
41,"ARIMA(0, 0, 1)x(1, 1, 2, 12)",105.90620711449753
42,"ARIMA(0, 0, 1)x(1, 2, 0, 12)",589.3914378318498
43,"ARIMA(0, 0, 1)x(1, 2, 1, 12)",287.27346781870176
44,"ARIMA(0, 0, 1)x(1, 2, 2, 12)",187.70799923458355
45,"ARIMA(0, 0, 1)x(2, 0, 0, 12)",238.3694562247133
46,"ARIMA(0, 0, 1)x(2, 0, 1, 12)",250.9411496016247
47,"ARIMA(0, 0, 1)x(2, 0, 2, 12)",227.0415587092786
48,"ARIMA(0, 0, 1)x(2, 1, 0, 12)",192.94494907534906
49,"ARIMA(0, 0, 1)x(2, 1, 1, 12)",109.8576815692786
50,"ARIMA(0, 0, 1)x(2, 1, 2, 12)",110.4626585378152
51,"ARIMA(0, 0, 1)x(2, 2, 0, 12)",463.1240159185212
52,"ARIMA(0, 0, 1)x(2, 2, 1, 12)",245.1905038857047
53,"ARIMA(0, 0, 1)x(2, 2, 2, 12)",201.37587376708308
54,"ARIMA(0, 0, 2)x(0, 0, 0, 12)",2038.3199254313638
55,"ARIMA(0, 0, 2)x(0, 0, 1, 12)",1682.0003112913528
56,"ARIMA(0, 0, 2)x(0, 0, 2, 12)",1361.096986675654
57,"ARIMA(0, 0, 2)x(0, 1, 0, 12)",375.5107607630057
58,"ARIMA(0, 0, 2)x(0, 1, 1, 12)",109.67919590038659
59,"ARIMA(0, 0, 2)x(0, 1, 2, 12)",102.4541505842361
60,"ARIMA(0, 0, 2)x(0, 2, 0, 12)",874.1014719991807
61,"ARIMA(0, 0, 2)x(0, 2, 1, 12)",396.41242729976614
62,"ARIMA(0, 0, 2)x(0, 2, 2, 12)",184.63578903596766
63,"ARIMA(0, 0, 2)x(1, 0, 0, 12)",377.7255086245622
64,"ARIMA(0, 0, 2)x(1, 0, 1, 12)",386.38721683877134
65,"ARIMA(0, 0, 2)x(1, 0, 2, 12)",119.16874981322059
66,"ARIMA(0, 0, 2)x(1, 1, 0, 12)",238.66877512220563
67,"ARIMA(0, 0, 2)x(1, 1, 1, 12)",116.08124684871069
68,"ARIMA(0, 0, 2)x(1, 1, 2, 12)",102.88635975115284
69,"ARIMA(0, 0, 2)x(1, 2, 0, 12)",591.3619596197764
70,"ARIMA(0, 0, 2)x(1, 2, 1, 12)",288.2346120450319
71,"ARIMA(0, 0, 2)x(1, 2, 2, 12)",185.38233748964626
72,"ARIMA(0, 0, 2)x(2, 0, 0, 12)",240.36470197549363
73,"ARIMA(0, 0, 2)x(2, 0, 1, 12)",254.46541809899813
74,"ARIMA(0, 0, 2)x(2, 0, 2, 12)",286.98397259740983
75,"ARIMA(0, 0, 2)x(2, 1, 0, 12)",194.5300905655551
76,"ARIMA(0, 0, 2)x(2, 1, 1, 12)",110.88199803368042
77,"ARIMA(0, 0, 2)x(2, 1, 2, 12)",106.60313286760069
78,"ARIMA(0, 0, 2)x(2, 2, 0, 12)",465.12116100434633
79,"ARIMA(0, 0, 2)x(2, 2, 1, 12)",246.79856285235155
80,"ARIMA(0, 0, 2)x(2, 2, 2, 12)",197.20078778480917
81,"ARIMA(0, 1, 0)x(0, 0, 0, 12)",353.40307126620297
82,"ARIMA(0, 1, 0)x(0, 0, 1, 12)",332.86847766616233
83,"ARIMA(0, 1, 0)x(0, 0, 2, 12)",322.78098088355176
84,"ARIMA(0, 1, 0)x(0, 1, 0, 12)",672.5538531948271
85,"ARIMA(0, 1, 0)x(0, 1, 1, 12)",373.5631457621998
86,"ARIMA(0, 1, 0)x(0, 1, 2, 12)",359.42841624191175
87,"ARIMA(0, 1, 0)x(0, 2, 0, 12)",1168.4370819208293
88,"ARIMA(0, 1, 0)x(0, 2, 1, 12)",678.0583431476426
89,"ARIMA(0, 1, 0)x(0, 2, 2, 12)",435.8034840031579
90,"ARIMA(0, 1, 0)x(1, 0, 0, 12)",342.67815307245104
91,"ARIMA(0, 1, 0)x(1, 0, 1, 12)",334.5521196519409
92,"ARIMA(0, 1, 0)x(1, 0, 2, 12)",324.74611521573945
93,"ARIMA(0, 1, 0)x(1, 1, 0, 12)",531.671294542546
94,"ARIMA(0, 1, 0)x(1, 1, 1, 12)",373.2646707013695
95,"ARIMA(0, 1, 0)x(1, 1, 2, 12)",359.99920473880803
96,"ARIMA(0, 1, 0)x(1, 2, 0, 12)",874.3674120351387
97,"ARIMA(0, 1, 0)x(1, 2, 1, 12)",574.4222056747403
98,"ARIMA(0, 1, 0)x(1, 2, 2, 12)",436.2398876988766
99,"ARIMA(0, 1, 0)x(2, 0, 0, 12)",322.24301218227583
100,"ARIMA(0, 1, 0)x(2, 0, 1, 12)",324.239217051257
101,"ARIMA(0, 1, 0)x(2, 0, 2, 12)",326.00202196569705
102,"ARIMA(0, 1, 0)x(2, 1, 0, 12)",475.33078369244663
103,"ARIMA(0, 1, 0)x(2, 1, 1, 12)",353.00568389453053
104,"ARIMA(0, 1, 0)x(2, 1, 2, 12)",354.60306869281084
105,"ARIMA(0, 1, 0)x(2, 2, 0, 12)",752.6414233288973
106,"ARIMA(0, 1, 0)x(2, 2, 1, 12)",520.4701219836759
107,"ARIMA(0, 1, 0)x(2, 2, 2, 12)",437.71658292485586
108,"ARIMA(0, 1, 1)x(0, 0, 0, 12)",82.70012543419475
109,"ARIMA(0, 1, 1)x(0, 0, 1, 12)",71.60875881723894
110,"ARIMA(0, 1, 1)x(0, 0, 2, 12)",71.90518686898653
111,"ARIMA(0, 1, 1)x(0, 1, 0, 12)",384.18392379816555
112,"ARIMA(0, 1, 1)x(0, 1, 1, 12)",109.54513410558184
113,"ARIMA(0, 1, 1)x(0, 1, 2, 12)",104.65482198616974
114,"ARIMA(0, 1, 1)x(0, 2, 0, 12)",886.6450716904691
115,"ARIMA(0, 1, 1)x(0, 2, 1, 12)",408.8862607620803
116,"ARIMA(0, 1, 1)x(0, 2, 2, 12)",180.96168808861123
117,"ARIMA(0, 1, 1)x(1, 0, 0, 12)",79.24182605877205
118,"ARIMA(0, 1, 1)x(1, 0, 1, 12)",73.09431650283236
119,"ARIMA(0, 1, 1)x(1, 0, 2, 12)",73.86203936392104
120,"ARIMA(0, 1, 1)x(1, 1, 0, 12)",245.502763637452
121,"ARIMA(0, 1, 1)x(1, 1, 1, 12)",112.25591441297388
122,"ARIMA(0, 1, 1)x(1, 1, 2, 12)",105.89943043608669
123,"ARIMA(0, 1, 1)x(1, 2, 0, 12)",597.7009849609335
124,"ARIMA(0, 1, 1)x(1, 2, 1, 12)",298.86033146634827
125,"ARIMA(0, 1, 1)x(1, 2, 2, 12)",182.63308522900059
126,"ARIMA(0, 1, 1)x(2, 0, 0, 12)",71.09319146536296
127,"ARIMA(0, 1, 1)x(2, 0, 1, 12)",73.08886189944899
128,"ARIMA(0, 1, 1)x(2, 0, 2, 12)",75.61476780190996
129,"ARIMA(0, 1, 1)x(2, 1, 0, 12)",202.40786047867616
130,"ARIMA(0, 1, 1)x(2, 1, 1, 12)",109.28325226667404
131,"ARIMA(0, 1, 1)x(2, 1, 2, 12)",105.30370030075647
132,"ARIMA(0, 1, 1)x(2, 2, 0, 12)",470.0013797982298
133,"ARIMA(0, 1, 1)x(2, 2, 1, 12)",257.9700244147916
134,"ARIMA(0, 1, 1)x(2, 2, 2, 12)",193.5236531674446
135,"ARIMA(0, 1, 2)x(0, 0, 0, 12)",81.1533743304092
136,"ARIMA(0, 1, 2)x(0, 0, 1, 12)",64.91849932184486
137,"ARIMA(0, 1, 2)x(0, 0, 2, 12)",70.03406715997451
138,"ARIMA(0, 1, 2)x(0, 1, 0, 12)",383.2367903647833
139,"ARIMA(0, 1, 2)x(0, 1, 1, 12)",105.72859549874838
140,"ARIMA(0, 1, 2)x(0, 1, 2, 12)",100.01060852643465
141,"ARIMA(0, 1, 2)x(0, 2, 0, 12)",884.3497430645142
142,"ARIMA(0, 1, 2)x(0, 2, 1, 12)",407.7388623895663
143,"ARIMA(0, 1, 2)x(0, 2, 2, 12)",176.58464059853762
144,"ARIMA(0, 1, 2)x(1, 0, 0, 12)",77.10543031754467
145,"ARIMA(0, 1, 2)x(1, 0, 1, 12)",66.6926383799995
146,"ARIMA(0, 1, 2)x(1, 0, 2, 12)",72.0218647026576
147,"ARIMA(0, 1, 2)x(1, 1, 0, 12)",245.19863096769558
148,"ARIMA(0, 1, 2)x(1, 1, 1, 12)",108.1183000823437
149,"ARIMA(0, 1, 2)x(1, 1, 2, 12)",98.50779258791238
150,"ARIMA(0, 1, 2)x(1, 2, 0, 12)",597.1142211564494
151,"ARIMA(0, 1, 2)x(1, 2, 1, 12)",298.2329219867013
152,"ARIMA(0, 1, 2)x(1, 2, 2, 12)",177.49306384213958
153,"ARIMA(0, 1, 2)x(2, 0, 0, 12)",68.30764326712661
154,"ARIMA(0, 1, 2)x(2, 0, 1, 12)",70.39676353306231
155,"ARIMA(0, 1, 2)x(2, 0, 2, 12)",73.57795471729219
156,"ARIMA(0, 1, 2)x(2, 1, 0, 12)",201.49903816749975
157,"ARIMA(0, 1, 2)x(2, 1, 1, 12)",108.09374744107595
158,"ARIMA(0, 1, 2)x(2, 1, 2, 12)",100.7357134472733
159,"ARIMA(0, 1, 2)x(2, 2, 0, 12)",471.0942990119927
160,"ARIMA(0, 1, 2)x(2, 2, 1, 12)",258.29183443177567
161,"ARIMA(0, 1, 2)x(2, 2, 2, 12)",177.02884621079525
162,"ARIMA(0, 2, 0)x(0, 0, 0, 12)",875.005292062109
163,"ARIMA(0, 2, 0)x(0, 0, 1, 12)",838.4745887798836
164,"ARIMA(0, 2, 0)x(0, 0, 2, 12)",821.3013506681518
165,"ARIMA(0, 2, 0)x(0, 1, 0, 12)",1200.7741719551218
166,"ARIMA(0, 2, 0)x(0, 1, 1, 12)",873.2121844018473
167,"ARIMA(0, 2, 0)x(0, 1, 2, 12)",844.3626516008725
168,"ARIMA(0, 2, 0)x(0, 2, 0, 12)",1688.477286095825
169,"ARIMA(0, 2, 0)x(0, 2, 1, 12)",1182.7387246016913
170,"ARIMA(0, 2, 0)x(0, 2, 2, 12)",913.6259046599171
171,"ARIMA(0, 2, 0)x(1, 0, 0, 12)",853.1432018366897
172,"ARIMA(0, 2, 0)x(1, 0, 1, 12)",840.4461646224534
173,"ARIMA(0, 2, 0)x(1, 0, 2, 12)",823.2213170656495
174,"ARIMA(0, 2, 0)x(1, 1, 0, 12)",1036.6389793203675
175,"ARIMA(0, 2, 0)x(1, 1, 1, 12)",876.6365456323676
176,"ARIMA(0, 2, 0)x(1, 1, 2, 12)",844.1646381383543
177,"ARIMA(0, 2, 0)x(1, 2, 0, 12)",1366.0375048071655
178,"ARIMA(0, 2, 0)x(1, 2, 1, 12)",1065.817286012249
179,"ARIMA(0, 2, 0)x(1, 2, 2, 12)",921.3273125888828
180,"ARIMA(0, 2, 0)x(2, 0, 0, 12)",821.8251142855252
181,"ARIMA(0, 2, 0)x(2, 0, 1, 12)",823.8009074088693
182,"ARIMA(0, 2, 0)x(2, 0, 2, 12)",824.4302671298487
183,"ARIMA(0, 2, 0)x(2, 1, 0, 12)",972.9106346700756
184,"ARIMA(0, 2, 0)x(2, 1, 1, 12)",843.7808273232946
185,"ARIMA(0, 2, 0)x(2, 1, 2, 12)",842.1603330273317
186,"ARIMA(0, 2, 0)x(2, 2, 0, 12)",1238.3186733730302
187,"ARIMA(0, 2, 0)x(2, 2, 1, 12)",1005.0819201050225
188,"ARIMA(0, 2, 0)x(2, 2, 2, 12)",908.1963676682515
189,"ARIMA(0, 2, 1)x(0, 0, 0, 12)",357.17720016114254
190,"ARIMA(0, 2, 1)x(0, 0, 1, 12)",331.4569760057226
191,"ARIMA(0, 2, 1)x(0, 0, 2, 12)",330.48546612072744
192,"ARIMA(0, 2, 1)x(0, 1, 0, 12)",678.3445430051898
193,"ARIMA(0, 2, 1)x(0, 1, 1, 12)",379.73324089126993
194,"ARIMA(0, 2, 1)x(0, 1, 2, 12)",360.56616893535335
195,"ARIMA(0, 2, 1)x(0, 2, 0, 12)",1169.9479683297263
196,"ARIMA(0, 2, 1)x(0, 2, 1, 12)",686.6626315412285
197,"ARIMA(0, 2, 1)x(0, 2, 2, 12)",445.4284858118028
198,"ARIMA(0, 2, 1)x(1, 0, 0, 12)",343.1459545414233
199,"ARIMA(0, 2, 1)x(1, 0, 1, 12)",332.45670980797865
200,"ARIMA(0, 2, 1)x(1, 0, 2, 12)",332.2633119472245
201,"ARIMA(0, 2, 1)x(1, 1, 0, 12)",539.713306757518
202,"ARIMA(0, 2, 1)x(1, 1, 1, 12)",381.37961864527813
203,"ARIMA(0, 2, 1)x(1, 1, 2, 12)",362.559377867732
204,"ARIMA(0, 2, 1)x(1, 2, 0, 12)",881.6109715893422
205,"ARIMA(0, 2, 1)x(1, 2, 1, 12)",585.0526904949861
206,"ARIMA(0, 2, 1)x(1, 2, 2, 12)",447.61896964835273
207,"ARIMA(0, 2, 1)x(2, 0, 0, 12)",330.7316689282768
208,"ARIMA(0, 2, 1)x(2, 0, 1, 12)",332.6869843668593
209,"ARIMA(0, 2, 1)x(2, 0, 2, 12)",333.2990568478681
210,"ARIMA(0, 2, 1)x(2, 1, 0, 12)",483.444997836472
211,"ARIMA(0, 2, 1)x(2, 1, 1, 12)",365.54882784421255
212,"ARIMA(0, 2, 1)x(2, 1, 2, 12)",360.74864255642916
213,"ARIMA(0, 2, 1)x(2, 2, 0, 12)",760.0832862457157
214,"ARIMA(0, 2, 1)x(2, 2, 1, 12)",533.3696160197085
215,"ARIMA(0, 2, 1)x(2, 2, 2, 12)",446.4131790724547
216,"ARIMA(0, 2, 2)x(0, 0, 0, 12)",96.81152520797392
217,"ARIMA(0, 2, 2)x(0, 0, 1, 12)",90.2708052520571
218,"ARIMA(0, 2, 2)x(0, 0, 2, 12)",85.33876362459787
219,"ARIMA(0, 2, 2)x(0, 1, 0, 12)",401.9450172979707
220,"ARIMA(0, 2, 2)x(0, 1, 1, 12)",123.14661315763011
221,"ARIMA(0, 2, 2)x(0, 1, 2, 12)",118.87712695733626
222,"ARIMA(0, 2, 2)x(0, 2, 0, 12)",898.0544598926358
223,"ARIMA(0, 2, 2)x(0, 2, 1, 12)",427.2627959584295
224,"ARIMA(0, 2, 2)x(0, 2, 2, 12)",191.02323785139794
225,"ARIMA(0, 2, 2)x(1, 0, 0, 12)",94.68860587184813
226,"ARIMA(0, 2, 2)x(1, 0, 1, 12)",91.77317346238728
227,"ARIMA(0, 2, 2)x(1, 0, 2, 12)",88.02001997684587
228,"ARIMA(0, 2, 2)x(1, 1, 0, 12)",268.45539904631164
229,"ARIMA(0, 2, 2)x(1, 1, 1, 12)",124.80628364985895
230,"ARIMA(0, 2, 2)x(1, 1, 2, 12)",118.57160200777258
231,"ARIMA(0, 2, 2)x(1, 2, 0, 12)",625.8527678061226
232,"ARIMA(0, 2, 2)x(1, 2, 1, 12)",317.88564584668353
233,"ARIMA(0, 2, 2)x(1, 2, 2, 12)",325.1975195025499
234,"ARIMA(0, 2, 2)x(2, 0, 0, 12)",94.38846898066461
235,"ARIMA(0, 2, 2)x(2, 0, 1, 12)",85.95648730344516
236,"ARIMA(0, 2, 2)x(2, 0, 2, 12)",89.60587238301628
237,"ARIMA(0, 2, 2)x(2, 1, 0, 12)",219.51720319507845
238,"ARIMA(0, 2, 2)x(2, 1, 1, 12)",130.02749375052343
239,"ARIMA(0, 2, 2)x(2, 1, 2, 12)",120.8914296432422
240,"ARIMA(0, 2, 2)x(2, 2, 0, 12)",504.0501784818367
241,"ARIMA(0, 2, 2)x(2, 2, 1, 12)",277.5044100174027
242,"ARIMA(0, 2, 2)x(2, 2, 2, 12)",286.0906755500031
243,"ARIMA(1, 0, 0)x(0, 0, 0, 12)",358.82324974506366
244,"ARIMA(1, 0, 0)x(0, 0, 1, 12)",344.5360370444399
245,"ARIMA(1, 0, 0)x(0, 0, 2, 12)",324.04439619551613
246,"ARIMA(1, 0, 0)x(0, 1, 0, 12)",376.3534189849042
247,"ARIMA(1, 0, 0)x(0, 1, 1, 12)",115.82010410950754
248,"ARIMA(1, 0, 0)x(0, 1, 2, 12)",112.08655316279355
249,"ARIMA(1, 0, 0)x(0, 2, 0, 12)",883.6962025289317
250,"ARIMA(1, 0, 0)x(0, 2, 1, 12)",398.17549127091854
251,"ARIMA(1, 0, 0)x(0, 2, 2, 12)",186.71964013944825
252,"ARIMA(1, 0, 0)x(1, 0, 0, 12)",344.2679141772152
253,"ARIMA(1, 0, 0)x(1, 0, 1, 12)",130.31647910420708
254,"ARIMA(1, 0, 0)x(1, 0, 2, 12)",122.4961792276795
255,"ARIMA(1, 0, 0)x(1, 1, 0, 12)",236.4102886532188
256,"ARIMA(1, 0, 0)x(1, 1, 1, 12)",120.75612430116145
257,"ARIMA(1, 0, 0)x(1, 1, 2, 12)",113.85156684642683
258,"ARIMA(1, 0, 0)x(1, 2, 0, 12)",588.89278736402
259,"ARIMA(1, 0, 0)x(1, 2, 1, 12)",287.52890716546773
260,"ARIMA(1, 0, 0)x(1, 2, 2, 12)",197.55305149334893
261,"ARIMA(1, 0, 0)x(2, 0, 0, 12)",238.05380314485333
262,"ARIMA(1, 0, 0)x(2, 0, 1, 12)",325.84061258125723
263,"ARIMA(1, 0, 0)x(2, 0, 2, 12)",122.83765011033671
264,"ARIMA(1, 0, 0)x(2, 1, 0, 12)",193.3331247415107
265,"ARIMA(1, 0, 0)x(2, 1, 1, 12)",108.76384674835506
266,"ARIMA(1, 0, 0)x(2, 1, 2, 12)",109.78108657090564
267,"ARIMA(1, 0, 0)x(2, 2, 0, 12)",462.0228570862598
268,"ARIMA(1, 0, 0)x(2, 2, 1, 12)",243.42047882040376
269,"ARIMA(1, 0, 0)x(2, 2, 2, 12)",200.70093844699682
270,"ARIMA(1, 0, 1)x(0, 0, 0, 12)",87.86754736584741
271,"ARIMA(1, 0, 1)x(0, 0, 1, 12)",81.39217726012599
272,"ARIMA(1, 0, 1)x(0, 0, 2, 12)",73.4845218444028
273,"ARIMA(1, 0, 1)x(0, 1, 0, 12)",375.1587137547077
274,"ARIMA(1, 0, 1)x(0, 1, 1, 12)",105.59715268086794
275,"ARIMA(1, 0, 1)x(0, 1, 2, 12)",102.94134199139245
276,"ARIMA(1, 0, 1)x(0, 2, 0, 12)",876.742827612104
277,"ARIMA(1, 0, 1)x(0, 2, 1, 12)",397.8687217311004
278,"ARIMA(1, 0, 1)x(0, 2, 2, 12)",180.26605746709953
279,"ARIMA(1, 0, 1)x(1, 0, 0, 12)",81.07176738813176
280,"ARIMA(1, 0, 1)x(1, 0, 1, 12)",127.31513814555838
281,"ARIMA(1, 0, 1)x(1, 0, 2, 12)",109.98613830488488
282,"ARIMA(1, 0, 1)x(1, 1, 0, 12)",238.24171648248318
283,"ARIMA(1, 0, 1)x(1, 1, 1, 12)",106.04518388633866
284,"ARIMA(1, 0, 1)x(1, 1, 2, 12)",104.53679656541124
285,"ARIMA(1, 0, 1)x(1, 2, 0, 12)",590.768354284467
286,"ARIMA(1, 0, 1)x(1, 2, 1, 12)",288.96284684671764
287,"ARIMA(1, 0, 1)x(1, 2, 2, 12)",178.97917292526114
288,"ARIMA(1, 0, 1)x(2, 0, 0, 12)",72.88070637298408
289,"ARIMA(1, 0, 1)x(2, 0, 1, 12)",92.87996520397874
290,"ARIMA(1, 0, 1)x(2, 0, 2, 12)",115.18670448586762
291,"ARIMA(1, 0, 1)x(2, 1, 0, 12)",193.30346704816807
292,"ARIMA(1, 0, 1)x(2, 1, 1, 12)",104.16809108032672
293,"ARIMA(1, 0, 1)x(2, 1, 2, 12)",104.551602395084
294,"ARIMA(1, 0, 1)x(2, 2, 0, 12)",463.2222195998186
295,"ARIMA(1, 0, 1)x(2, 2, 1, 12)",243.1248368006959
296,"ARIMA(1, 0, 1)x(2, 2, 2, 12)",178.01130202250818
297,"ARIMA(1, 0, 2)x(0, 0, 0, 12)",82.7665278911588
298,"ARIMA(1, 0, 2)x(0, 0, 1, 12)",69.86262881752548
299,"ARIMA(1, 0, 2)x(0, 0, 2, 12)",71.56072737723902
300,"ARIMA(1, 0, 2)x(0, 1, 0, 12)",377.055979888629
301,"ARIMA(1, 0, 2)x(0, 1, 1, 12)",102.15984004588275
302,"ARIMA(1, 0, 2)x(0, 1, 2, 12)",95.98071449770836
303,"ARIMA(1, 0, 2)x(0, 2, 0, 12)",875.6828617941842
304,"ARIMA(1, 0, 2)x(0, 2, 1, 12)",397.782332556755
305,"ARIMA(1, 0, 2)x(0, 2, 2, 12)",178.27858250692697
306,"ARIMA(1, 0, 2)x(1, 0, 0, 12)",78.9135642020758
307,"ARIMA(1, 0, 2)x(1, 0, 1, 12)",124.58842253668436
308,"ARIMA(1, 0, 2)x(1, 0, 2, 12)",83.09156079175708
309,"ARIMA(1, 0, 2)x(1, 1, 0, 12)",240.1748564841517
310,"ARIMA(1, 0, 2)x(1, 1, 1, 12)",103.6680278779724
311,"ARIMA(1, 0, 2)x(1, 1, 2, 12)",95.09251987981347
312,"ARIMA(1, 0, 2)x(1, 2, 0, 12)",592.8510028842145
313,"ARIMA(1, 0, 2)x(1, 2, 1, 12)",289.74686015873783
314,"ARIMA(1, 0, 2)x(1, 2, 2, 12)",177.70128555974048
315,"ARIMA(1, 0, 2)x(2, 0, 0, 12)",70.07568052502187
316,"ARIMA(1, 0, 2)x(2, 0, 1, 12)",94.66504661723702
317,"ARIMA(1, 0, 2)x(2, 0, 2, 12)",105.85051269476688
318,"ARIMA(1, 0, 2)x(2, 1, 0, 12)",195.501340857534
319,"ARIMA(1, 0, 2)x(2, 1, 1, 12)",103.03007600583422
320,"ARIMA(1, 0, 2)x(2, 1, 2, 12)",97.45292976063803
321,"ARIMA(1, 0, 2)x(2, 2, 0, 12)",465.1991063311941
322,"ARIMA(1, 0, 2)x(2, 2, 1, 12)",245.1136690987768
323,"ARIMA(1, 0, 2)x(2, 2, 2, 12)",174.84418132682015
324,"ARIMA(1, 1, 0)x(0, 0, 0, 12)",246.73683924465445
325,"ARIMA(1, 1, 0)x(0, 0, 1, 12)",223.2769917636468
326,"ARIMA(1, 1, 0)x(0, 0, 2, 12)",219.8831659273228
327,"ARIMA(1, 1, 0)x(0, 1, 0, 12)",538.4290137232158
328,"ARIMA(1, 1, 0)x(0, 1, 1, 12)",258.7613915887097
329,"ARIMA(1, 1, 0)x(0, 1, 2, 12)",252.03493913775617
330,"ARIMA(1, 1, 0)x(0, 2, 0, 12)",1021.5437565990097
331,"ARIMA(1, 1, 0)x(0, 2, 1, 12)",548.1538576536346
332,"ARIMA(1, 1, 0)x(0, 2, 2, 12)",325.57068425733246
333,"ARIMA(1, 1, 0)x(1, 0, 0, 12)",223.70029703390736
334,"ARIMA(1, 1, 0)x(1, 0, 1, 12)",225.0626832602618
335,"ARIMA(1, 1, 0)x(1, 0, 2, 12)",221.86379787062398
336,"ARIMA(1, 1, 0)x(1, 1, 0, 12)",412.78669416719094
337,"ARIMA(1, 1, 0)x(1, 1, 1, 12)",263.8094440561973
338,"ARIMA(1, 1, 0)x(1, 1, 2, 12)",248.72057694906323
339,"ARIMA(1, 1, 0)x(1, 2, 0, 12)",765.219789935814
340,"ARIMA(1, 1, 0)x(1, 2, 1, 12)",463.08738395700044
341,"ARIMA(1, 1, 0)x(1, 2, 2, 12)",331.8370995122674
342,"ARIMA(1, 1, 0)x(2, 0, 0, 12)",219.83857254805025
343,"ARIMA(1, 1, 0)x(2, 0, 1, 12)",221.61644381195458
344,"ARIMA(1, 1, 0)x(2, 0, 2, 12)",223.04676916802504
345,"ARIMA(1, 1, 0)x(2, 1, 0, 12)",352.85602298610667
346,"ARIMA(1, 1, 0)x(2, 1, 1, 12)",246.18300626506095
347,"ARIMA(1, 1, 0)x(2, 1, 2, 12)",247.47800256906655
348,"ARIMA(1, 1, 0)x(2, 2, 0, 12)",632.0258669198031
349,"ARIMA(1, 1, 0)x(2, 2, 1, 12)",401.92843135211
350,"ARIMA(1, 1, 0)x(2, 2, 2, 12)",329.2389357609736
351,"ARIMA(1, 1, 1)x(0, 0, 0, 12)",80.10269540143196
352,"ARIMA(1, 1, 1)x(0, 0, 1, 12)",67.78891212810109
353,"ARIMA(1, 1, 1)x(0, 0, 2, 12)",69.32374071980378
354,"ARIMA(1, 1, 1)x(0, 1, 0, 12)",383.0336672260561
355,"ARIMA(1, 1, 1)x(0, 1, 1, 12)",108.49052835849986
356,"ARIMA(1, 1, 1)x(0, 1, 2, 12)",102.41978472511389
357,"ARIMA(1, 1, 1)x(0, 2, 0, 12)",885.1342257449751
358,"ARIMA(1, 1, 1)x(0, 2, 1, 12)",407.64628460946597
359,"ARIMA(1, 1, 1)x(0, 2, 2, 12)",181.12832527642604
360,"ARIMA(1, 1, 1)x(1, 0, 0, 12)",68.6358912068998
361,"ARIMA(1, 1, 1)x(1, 0, 1, 12)",69.20493235099642
362,"ARIMA(1, 1, 1)x(1, 0, 2, 12)",71.3200556001782
363,"ARIMA(1, 1, 1)x(1, 1, 0, 12)",240.70030879596953
364,"ARIMA(1, 1, 1)x(1, 1, 1, 12)",110.49052954139634
365,"ARIMA(1, 1, 1)x(1, 1, 2, 12)",103.8326219987239
366,"ARIMA(1, 1, 1)x(1, 2, 0, 12)",596.2451268886628
367,"ARIMA(1, 1, 1)x(1, 2, 1, 12)",298.7394669152902
368,"ARIMA(1, 1, 1)x(1, 2, 2, 12)",182.988631820175
369,"ARIMA(1, 1, 1)x(2, 0, 0, 12)",68.9190385313282
370,"ARIMA(1, 1, 1)x(2, 0, 1, 12)",70.91802942747256
371,"ARIMA(1, 1, 1)x(2, 0, 2, 12)",72.94484389480665
372,"ARIMA(1, 1, 1)x(2, 1, 0, 12)",199.1727371898645
373,"ARIMA(1, 1, 1)x(2, 1, 1, 12)",107.65251310587284
374,"ARIMA(1, 1, 1)x(2, 1, 2, 12)",103.21853983457444
375,"ARIMA(1, 1, 1)x(2, 2, 0, 12)",470.4160632753259
376,"ARIMA(1, 1, 1)x(2, 2, 1, 12)",257.3840981252771
377,"ARIMA(1, 1, 1)x(2, 2, 2, 12)",183.50162180451645
378,"ARIMA(1, 1, 2)x(0, 0, 0, 12)",82.52620212035448
379,"ARIMA(1, 1, 2)x(0, 0, 1, 12)",65.96738705091276
380,"ARIMA(1, 1, 2)x(0, 0, 2, 12)",71.90732749857855
381,"ARIMA(1, 1, 2)x(0, 1, 0, 12)",368.0091219273897
382,"ARIMA(1, 1, 2)x(0, 1, 1, 12)",107.4498118818418
383,"ARIMA(1, 1, 2)x(0, 1, 2, 12)",101.47217232566412
384,"ARIMA(1, 1, 2)x(0, 2, 0, 12)",863.0697357920566
385,"ARIMA(1, 1, 2)x(0, 2, 1, 12)",407.2822492650065
386,"ARIMA(1, 1, 2)x(0, 2, 2, 12)",177.91198829285014
387,"ARIMA(1, 1, 2)x(1, 0, 0, 12)",72.16617002463035
388,"ARIMA(1, 1, 2)x(1, 0, 1, 12)",67.55620398481457
389,"ARIMA(1, 1, 2)x(1, 0, 2, 12)",73.8974078000068
390,"ARIMA(1, 1, 2)x(1, 1, 0, 12)",242.67657900937866
391,"ARIMA(1, 1, 2)x(1, 1, 1, 12)",111.12378317117116
392,"ARIMA(1, 1, 2)x(1, 1, 2, 12)",100.36748673989608
393,"ARIMA(1, 1, 2)x(1, 2, 0, 12)",581.7608528602672
394,"ARIMA(1, 1, 2)x(1, 2, 1, 12)",290.8755139732888
395,"ARIMA(1, 1, 2)x(1, 2, 2, 12)",177.4175090674264
396,"ARIMA(1, 1, 2)x(2, 0, 0, 12)",70.88056486234387
397,"ARIMA(1, 1, 2)x(2, 0, 1, 12)",72.87892175050719
398,"ARIMA(1, 1, 2)x(2, 0, 2, 12)",75.34528071492808
399,"ARIMA(1, 1, 2)x(2, 1, 0, 12)",202.2230357916254
400,"ARIMA(1, 1, 2)x(2, 1, 1, 12)",108.18763323932134
401,"ARIMA(1, 1, 2)x(2, 1, 2, 12)",105.17790976055085
402,"ARIMA(1, 1, 2)x(2, 2, 0, 12)",472.38569957848654
403,"ARIMA(1, 1, 2)x(2, 2, 1, 12)",256.95667825688344
404,"ARIMA(1, 1, 2)x(2, 2, 2, 12)",192.93177048271986
405,"ARIMA(1, 2, 0)x(0, 0, 0, 12)",629.464453687799
406,"ARIMA(1, 2, 0)x(0, 0, 1, 12)",595.6491876739295
407,"ARIMA(1, 2, 0)x(0, 0, 2, 12)",585.7289728570207
408,"ARIMA(1, 2, 0)x(0, 1, 0, 12)",913.543845049138
409,"ARIMA(1, 2, 0)x(0, 1, 1, 12)",622.8765593289128
410,"ARIMA(1, 2, 0)x(0, 1, 2, 12)",601.5578316360017
411,"ARIMA(1, 2, 0)x(0, 2, 0, 12)",1383.2881036605036
412,"ARIMA(1, 2, 0)x(0, 2, 1, 12)",908.4735641778694
413,"ARIMA(1, 2, 0)x(0, 2, 2, 12)",670.2149417123128
414,"ARIMA(1, 2, 0)x(1, 0, 0, 12)",596.0901620847131
415,"ARIMA(1, 2, 0)x(1, 0, 1, 12)",597.3403579049473
416,"ARIMA(1, 2, 0)x(1, 0, 2, 12)",587.6360194877856
417,"ARIMA(1, 2, 0)x(1, 1, 0, 12)",784.7959741745628
418,"ARIMA(1, 2, 0)x(1, 1, 1, 12)",623.8599790367972
419,"ARIMA(1, 2, 0)x(1, 1, 2, 12)",600.2949930580503
420,"ARIMA(1, 2, 0)x(1, 2, 0, 12)",1124.8732704278762
421,"ARIMA(1, 2, 0)x(1, 2, 1, 12)",827.3588750856845
422,"ARIMA(1, 2, 0)x(1, 2, 2, 12)",677.6746833564023
423,"ARIMA(1, 2, 0)x(2, 0, 0, 12)",585.3867725234846
424,"ARIMA(1, 2, 0)x(2, 0, 1, 12)",586.9694995081118
425,"ARIMA(1, 2, 0)x(2, 0, 2, 12)",587.7971966232061
426,"ARIMA(1, 2, 0)x(2, 1, 0, 12)",711.7240189873746
427,"ARIMA(1, 2, 0)x(2, 1, 1, 12)",599.4263262356428
428,"ARIMA(1, 2, 0)x(2, 1, 2, 12)",600.3562968391584
429,"ARIMA(1, 2, 0)x(2, 2, 0, 12)",989.0021316996065
430,"ARIMA(1, 2, 0)x(2, 2, 1, 12)",754.9843466385154
431,"ARIMA(1, 2, 0)x(2, 2, 2, 12)",665.0575613501328
432,"ARIMA(1, 2, 1)x(0, 0, 0, 12)",255.14343200106802
433,"ARIMA(1, 2, 1)x(0, 0, 1, 12)",226.22286387176308
434,"ARIMA(1, 2, 1)x(0, 0, 2, 12)",227.9131317387698
435,"ARIMA(1, 2, 1)x(0, 1, 0, 12)",545.2138837802595
436,"ARIMA(1, 2, 1)x(0, 1, 1, 12)",267.2791748819052
437,"ARIMA(1, 2, 1)x(0, 1, 2, 12)",255.6925109548123
438,"ARIMA(1, 2, 1)x(0, 2, 0, 12)",1025.1370547642991
439,"ARIMA(1, 2, 1)x(0, 2, 1, 12)",557.3046404276195
440,"ARIMA(1, 2, 1)x(0, 2, 2, 12)",333.61652194027556
441,"ARIMA(1, 2, 1)x(1, 0, 0, 12)",230.55562826151305
442,"ARIMA(1, 2, 1)x(1, 0, 1, 12)",233.28454891677333
443,"ARIMA(1, 2, 1)x(1, 0, 2, 12)",229.7607765442686
444,"ARIMA(1, 2, 1)x(1, 1, 0, 12)",419.44066835972126
445,"ARIMA(1, 2, 1)x(1, 1, 1, 12)",268.98760513534324
446,"ARIMA(1, 2, 1)x(1, 1, 2, 12)",252.9667863363751
447,"ARIMA(1, 2, 1)x(1, 2, 0, 12)",772.2944736903318
448,"ARIMA(1, 2, 1)x(1, 2, 1, 12)",474.4106745011146
449,"ARIMA(1, 2, 1)x(1, 2, 2, 12)",340.28468013025633
450,"ARIMA(1, 2, 1)x(2, 0, 0, 12)",228.54153214443667
451,"ARIMA(1, 2, 1)x(2, 0, 1, 12)",229.29089940836175
452,"ARIMA(1, 2, 1)x(2, 0, 2, 12)",231.7605377949965
453,"ARIMA(1, 2, 1)x(2, 1, 0, 12)",356.5933373268144
454,"ARIMA(1, 2, 1)x(2, 1, 1, 12)",257.783132401743
455,"ARIMA(1, 2, 1)x(2, 1, 2, 12)",256.65636286323866
456,"ARIMA(1, 2, 1)x(2, 2, 0, 12)",638.7696414721245
457,"ARIMA(1, 2, 1)x(2, 2, 1, 12)",414.3524687841839
458,"ARIMA(1, 2, 1)x(2, 2, 2, 12)",343.8052007780683
459,"ARIMA(1, 2, 2)x(0, 0, 0, 12)",94.95587961775753
460,"ARIMA(1, 2, 2)x(0, 0, 1, 12)",86.37050139388094
461,"ARIMA(1, 2, 2)x(0, 0, 2, 12)",84.57017373743471
462,"ARIMA(1, 2, 2)x(0, 1, 0, 12)",398.03309629960023
463,"ARIMA(1, 2, 2)x(0, 1, 1, 12)",122.0273518818967
464,"ARIMA(1, 2, 2)x(0, 1, 2, 12)",117.19794266270836
465,"ARIMA(1, 2, 2)x(0, 2, 0, 12)",896.4494966281634
466,"ARIMA(1, 2, 2)x(0, 2, 1, 12)",423.6929364992072
467,"ARIMA(1, 2, 2)x(0, 2, 2, 12)",191.89839791305496
468,"ARIMA(1, 2, 2)x(1, 0, 0, 12)",78.46474901265617
469,"ARIMA(1, 2, 2)x(1, 0, 1, 12)",88.59238118726479
470,"ARIMA(1, 2, 2)x(1, 0, 2, 12)",85.54672575452196
471,"ARIMA(1, 2, 2)x(1, 1, 0, 12)",261.410912881208
472,"ARIMA(1, 2, 2)x(1, 1, 1, 12)",126.73011894957429
473,"ARIMA(1, 2, 2)x(1, 1, 2, 12)",122.45505276618476
474,"ARIMA(1, 2, 2)x(1, 2, 0, 12)",620.1433814341315
475,"ARIMA(1, 2, 2)x(1, 2, 1, 12)",320.9039886504223
476,"ARIMA(1, 2, 2)x(1, 2, 2, 12)",197.27795935256432
477,"ARIMA(1, 2, 2)x(2, 0, 0, 12)",82.13245797956063
478,"ARIMA(1, 2, 2)x(2, 0, 1, 12)",84.51956964298968
479,"ARIMA(1, 2, 2)x(2, 0, 2, 12)",94.56618620762305
480,"ARIMA(1, 2, 2)x(2, 1, 0, 12)",213.26170406989849
481,"ARIMA(1, 2, 2)x(2, 1, 1, 12)",120.95202994388427
482,"ARIMA(1, 2, 2)x(2, 1, 2, 12)",119.73837623266782
483,"ARIMA(1, 2, 2)x(2, 2, 0, 12)",486.37603864482617
484,"ARIMA(1, 2, 2)x(2, 2, 1, 12)",275.84627243510636
485,"ARIMA(1, 2, 2)x(2, 2, 2, 12)",276.8198548658738
486,"ARIMA(2, 0, 0)x(0, 0, 0, 12)",248.51242529802104
487,"ARIMA(2, 0, 0)x(0, 0, 1, 12)",236.00659260139955
488,"ARIMA(2, 0, 0)x(0, 0, 2, 12)",221.14169363720526
489,"ARIMA(2, 0, 0)x(0, 1, 0, 12)",375.0764294184462
490,"ARIMA(2, 0, 0)x(0, 1, 1, 12)",114.48531154746449
491,"ARIMA(2, 0, 0)x(0, 1, 2, 12)",111.86099530973766
492,"ARIMA(2, 0, 0)x(0, 2, 0, 12)",874.6371675736386
493,"ARIMA(2, 0, 0)x(0, 2, 1, 12)",397.4308384118033
494,"ARIMA(2, 0, 0)x(0, 2, 2, 12)",188.3731753610843
495,"ARIMA(2, 0, 0)x(1, 0, 0, 12)",225.39023753771858
496,"ARIMA(2, 0, 0)x(1, 0, 1, 12)",128.41614373645496
497,"ARIMA(2, 0, 0)x(1, 0, 2, 12)",122.68521651781151
498,"ARIMA(2, 0, 0)x(1, 1, 0, 12)",234.76864439946212
499,"ARIMA(2, 0, 0)x(1, 1, 1, 12)",115.10982866166518
500,"ARIMA(2, 0, 0)x(1, 1, 2, 12)",104.54103964931753
501,"ARIMA(2, 0, 0)x(1, 2, 0, 12)",590.484935931433
502,"ARIMA(2, 0, 0)x(1, 2, 1, 12)",289.2835496036714
503,"ARIMA(2, 0, 0)x(1, 2, 2, 12)",188.88764113152823
504,"ARIMA(2, 0, 0)x(2, 0, 0, 12)",221.65833210966738
505,"ARIMA(2, 0, 0)x(2, 0, 1, 12)",223.42646023716554
506,"ARIMA(2, 0, 0)x(2, 0, 2, 12)",109.31463666798484
507,"ARIMA(2, 0, 0)x(2, 1, 0, 12)",192.12039396554906
508,"ARIMA(2, 0, 0)x(2, 1, 1, 12)",109.3424280598055
509,"ARIMA(2, 0, 0)x(2, 1, 2, 12)",106.40491303884845
510,"ARIMA(2, 0, 0)x(2, 2, 0, 12)",463.1512710836783
511,"ARIMA(2, 0, 0)x(2, 2, 1, 12)",244.16785588793292
512,"ARIMA(2, 0, 0)x(2, 2, 2, 12)",198.70634443585553
513,"ARIMA(2, 0, 1)x(0, 0, 0, 12)",100.73751723131309
514,"ARIMA(2, 0, 1)x(0, 0, 1, 12)",83.45786280396541
515,"ARIMA(2, 0, 1)x(0, 0, 2, 12)",75.47045069339619
516,"ARIMA(2, 0, 1)x(0, 1, 0, 12)",376.8510164047283
517,"ARIMA(2, 0, 1)x(0, 1, 1, 12)",105.51375162265711
518,"ARIMA(2, 0, 1)x(0, 1, 2, 12)",104.63380034159076
519,"ARIMA(2, 0, 1)x(0, 2, 0, 12)",876.5621291602263
520,"ARIMA(2, 0, 1)x(0, 2, 1, 12)",398.9609422935456
521,"ARIMA(2, 0, 1)x(0, 2, 2, 12)",187.64736329963404
522,"ARIMA(2, 0, 1)x(1, 0, 0, 12)",376.44220645395865
523,"ARIMA(2, 0, 1)x(1, 0, 1, 12)",126.84078252375491
524,"ARIMA(2, 0, 1)x(1, 0, 2, 12)",118.55065190529203
525,"ARIMA(2, 0, 1)x(1, 1, 0, 12)",236.4518444732261
526,"ARIMA(2, 0, 1)x(1, 1, 1, 12)",106.12088457125571
527,"ARIMA(2, 0, 1)x(1, 1, 2, 12)",106.14117491398885
528,"ARIMA(2, 0, 1)x(1, 2, 0, 12)",575.7951210887002
529,"ARIMA(2, 0, 1)x(1, 2, 1, 12)",290.8267346148482
530,"ARIMA(2, 0, 1)x(1, 2, 2, 12)",182.1224522144016
531,"ARIMA(2, 0, 1)x(2, 0, 0, 12)",237.91338221072047
532,"ARIMA(2, 0, 1)x(2, 0, 1, 12)",106.41689748592079
533,"ARIMA(2, 0, 1)x(2, 0, 2, 12)",118.1459175340718
534,"ARIMA(2, 0, 1)x(2, 1, 0, 12)",193.02389308469108
535,"ARIMA(2, 0, 1)x(2, 1, 1, 12)",102.33278333142732
536,"ARIMA(2, 0, 1)x(2, 1, 2, 12)",104.17213203230187
537,"ARIMA(2, 0, 1)x(2, 2, 0, 12)",464.37584210086675
538,"ARIMA(2, 0, 1)x(2, 2, 1, 12)",244.4429835627177
539,"ARIMA(2, 0, 1)x(2, 2, 2, 12)",195.62580716508594
540,"ARIMA(2, 0, 2)x(0, 0, 0, 12)",84.17802473383522
541,"ARIMA(2, 0, 2)x(0, 0, 1, 12)",68.60052384492944
542,"ARIMA(2, 0, 2)x(0, 0, 2, 12)",74.80841805153597
543,"ARIMA(2, 0, 2)x(0, 1, 0, 12)",379.0563759002764
544,"ARIMA(2, 0, 2)x(0, 1, 1, 12)",103.70907015332855
545,"ARIMA(2, 0, 2)x(0, 1, 2, 12)",97.48682322801773
546,"ARIMA(2, 0, 2)x(0, 2, 0, 12)",877.6588397601934
547,"ARIMA(2, 0, 2)x(0, 2, 1, 12)",399.76740353223886
548,"ARIMA(2, 0, 2)x(0, 2, 2, 12)",178.7769268680848
549,"ARIMA(2, 0, 2)x(1, 0, 0, 12)",73.95416538023511
550,"ARIMA(2, 0, 2)x(1, 0, 1, 12)",85.63869373507657
551,"ARIMA(2, 0, 2)x(1, 0, 2, 12)",88.43902530957827
552,"ARIMA(2, 0, 2)x(1, 1, 0, 12)",238.03593022361818
553,"ARIMA(2, 0, 2)x(1, 1, 1, 12)",105.56923414952703
554,"ARIMA(2, 0, 2)x(1, 1, 2, 12)",96.96958502447086
555,"ARIMA(2, 0, 2)x(1, 2, 0, 12)",577.3652195063559
556,"ARIMA(2, 0, 2)x(1, 2, 1, 12)",291.3159409485007
557,"ARIMA(2, 0, 2)x(1, 2, 2, 12)",180.12621611211767
558,"ARIMA(2, 0, 2)x(2, 0, 0, 12)",74.1841994639482
559,"ARIMA(2, 0, 2)x(2, 0, 1, 12)",86.65221718837654
560,"ARIMA(2, 0, 2)x(2, 0, 2, 12)",78.71134050752418
561,"ARIMA(2, 0, 2)x(2, 1, 0, 12)",193.95672106734375
562,"ARIMA(2, 0, 2)x(2, 1, 1, 12)",103.9409548415804
563,"ARIMA(2, 0, 2)x(2, 1, 2, 12)",100.02130000012116
564,"ARIMA(2, 0, 2)x(2, 2, 0, 12)",466.2598737617586
565,"ARIMA(2, 0, 2)x(2, 2, 1, 12)",244.7032528668732
566,"ARIMA(2, 0, 2)x(2, 2, 2, 12)",183.97386921821527
567,"ARIMA(2, 1, 0)x(0, 0, 0, 12)",188.91923058800694
568,"ARIMA(2, 1, 0)x(0, 0, 1, 12)",168.30620027997722
569,"ARIMA(2, 1, 0)x(0, 0, 2, 12)",166.7033745703261
570,"ARIMA(2, 1, 0)x(0, 1, 0, 12)",494.0321327051522
571,"ARIMA(2, 1, 0)x(0, 1, 1, 12)",205.52651149923759
572,"ARIMA(2, 1, 0)x(0, 1, 2, 12)",204.10557514705255
573,"ARIMA(2, 1, 0)x(0, 2, 0, 12)",983.5999280343844
574,"ARIMA(2, 1, 0)x(0, 2, 1, 12)",506.720037645507
575,"ARIMA(2, 1, 0)x(0, 2, 2, 12)",279.9682946702115
576,"ARIMA(2, 1, 0)x(1, 0, 0, 12)",167.2201683540888
577,"ARIMA(2, 1, 0)x(1, 0, 1, 12)",168.61583929957817
578,"ARIMA(2, 1, 0)x(1, 0, 2, 12)",168.7019284735352
579,"ARIMA(2, 1, 0)x(1, 1, 0, 12)",352.7190809085895
580,"ARIMA(2, 1, 0)x(1, 1, 1, 12)",205.3475216454417
581,"ARIMA(2, 1, 0)x(1, 1, 2, 12)",198.5637562010727
582,"ARIMA(2, 1, 0)x(1, 2, 0, 12)",709.1561644299055
583,"ARIMA(2, 1, 0)x(1, 2, 1, 12)",404.2452426076739
584,"ARIMA(2, 1, 0)x(1, 2, 2, 12)",283.99612433870465
585,"ARIMA(2, 1, 0)x(2, 0, 0, 12)",167.4549867221495
586,"ARIMA(2, 1, 0)x(2, 0, 1, 12)",169.42290421081702
587,"ARIMA(2, 1, 0)x(2, 0, 2, 12)",170.48003691442352
588,"ARIMA(2, 1, 0)x(2, 1, 0, 12)",291.3108987536085
589,"ARIMA(2, 1, 0)x(2, 1, 1, 12)",196.1178462075472
590,"ARIMA(2, 1, 0)x(2, 1, 2, 12)",195.71328753075983
591,"ARIMA(2, 1, 0)x(2, 2, 0, 12)",570.8395415568993
592,"ARIMA(2, 1, 0)x(2, 2, 1, 12)",343.5123439849352
593,"ARIMA(2, 1, 0)x(2, 2, 2, 12)",277.6539111246034
594,"ARIMA(2, 1, 1)x(0, 0, 0, 12)",83.42374736242132
595,"ARIMA(2, 1, 1)x(0, 0, 1, 12)",69.77018087734106
596,"ARIMA(2, 1, 1)x(0, 0, 2, 12)",71.31155896611969
597,"ARIMA(2, 1, 1)x(0, 1, 0, 12)",383.0370649601278
598,"ARIMA(2, 1, 1)x(0, 1, 1, 12)",108.17415615465112
599,"ARIMA(2, 1, 1)x(0, 1, 2, 12)",104.37394819386344
600,"ARIMA(2, 1, 1)x(0, 2, 0, 12)",881.3875072429855
601,"ARIMA(2, 1, 1)x(0, 2, 1, 12)",406.74378228164494
602,"ARIMA(2, 1, 1)x(0, 2, 2, 12)",182.96798017715997
603,"ARIMA(2, 1, 1)x(1, 0, 0, 12)",66.75694749650285
604,"ARIMA(2, 1, 1)x(1, 0, 1, 12)",68.7541927530682
605,"ARIMA(2, 1, 1)x(1, 0, 2, 12)",73.307205486751
606,"ARIMA(2, 1, 1)x(1, 1, 0, 12)",241.52638172896266
607,"ARIMA(2, 1, 1)x(1, 1, 1, 12)",110.16671757574008
608,"ARIMA(2, 1, 1)x(1, 1, 2, 12)",100.50421521837065
609,"ARIMA(2, 1, 1)x(1, 2, 0, 12)",596.3145893582567
610,"ARIMA(2, 1, 1)x(1, 2, 1, 12)",300.7393218421329
611,"ARIMA(2, 1, 1)x(1, 2, 2, 12)",183.47290373917468
612,"ARIMA(2, 1, 1)x(2, 0, 0, 12)",71.5977347438021
613,"ARIMA(2, 1, 1)x(2, 0, 1, 12)",73.59717358878058
614,"ARIMA(2, 1, 1)x(2, 0, 2, 12)",74.94460415614033
615,"ARIMA(2, 1, 1)x(2, 1, 0, 12)",193.60387424325037
616,"ARIMA(2, 1, 1)x(2, 1, 1, 12)",106.64285455313336
617,"ARIMA(2, 1, 1)x(2, 1, 2, 12)",102.84811651126068
618,"ARIMA(2, 1, 1)x(2, 2, 0, 12)",468.11736238215894
619,"ARIMA(2, 1, 1)x(2, 2, 1, 12)",253.16607296509986
620,"ARIMA(2, 1, 1)x(2, 2, 2, 12)",194.60412567765147
621,"ARIMA(2, 1, 2)x(0, 0, 0, 12)",84.44235686043027
622,"ARIMA(2, 1, 2)x(0, 0, 1, 12)",66.24792962267784
623,"ARIMA(2, 1, 2)x(0, 0, 2, 12)",73.69462901594208
624,"ARIMA(2, 1, 2)x(0, 1, 0, 12)",384.71318705916656
625,"ARIMA(2, 1, 2)x(0, 1, 1, 12)",109.27880159247432
626,"ARIMA(2, 1, 2)x(0, 1, 2, 12)",104.95206427334614
627,"ARIMA(2, 1, 2)x(0, 2, 0, 12)",881.6738550607627
628,"ARIMA(2, 1, 2)x(0, 2, 1, 12)",408.1255531925158
629,"ARIMA(2, 1, 2)x(0, 2, 2, 12)",179.73322154771932
630,"ARIMA(2, 1, 2)x(1, 0, 0, 12)",68.67989301399729
631,"ARIMA(2, 1, 2)x(1, 0, 1, 12)",67.89827396655551
632,"ARIMA(2, 1, 2)x(1, 0, 2, 12)",75.69191765493106
633,"ARIMA(2, 1, 2)x(1, 1, 0, 12)",243.35229072538263
634,"ARIMA(2, 1, 2)x(1, 1, 1, 12)",111.17350758231157
635,"ARIMA(2, 1, 2)x(1, 1, 2, 12)",102.34635813445485
636,"ARIMA(2, 1, 2)x(1, 2, 0, 12)",581.5698024614591
637,"ARIMA(2, 1, 2)x(1, 2, 1, 12)",292.3883979918264
638,"ARIMA(2, 1, 2)x(1, 2, 2, 12)",179.28918553281937
639,"ARIMA(2, 1, 2)x(2, 0, 0, 12)",73.31343488305237
640,"ARIMA(2, 1, 2)x(2, 0, 1, 12)",75.29925813277366
641,"ARIMA(2, 1, 2)x(2, 0, 2, 12)",76.99189251403456
642,"ARIMA(2, 1, 2)x(2, 1, 0, 12)",194.56086530912899
643,"ARIMA(2, 1, 2)x(2, 1, 1, 12)",108.68805372626493
644,"ARIMA(2, 1, 2)x(2, 1, 2, 12)",105.73607825170811
645,"ARIMA(2, 1, 2)x(2, 2, 0, 12)",470.11767240912707
646,"ARIMA(2, 1, 2)x(2, 2, 1, 12)",254.19108133952614
647,"ARIMA(2, 1, 2)x(2, 2, 2, 12)",194.16864449701424
648,"ARIMA(2, 2, 0)x(0, 0, 0, 12)",489.193594909236
649,"ARIMA(2, 2, 0)x(0, 0, 1, 12)",459.6143429311328
650,"ARIMA(2, 2, 0)x(0, 0, 2, 12)",448.9652094689043
651,"ARIMA(2, 2, 0)x(0, 1, 0, 12)",783.2116328395653
652,"ARIMA(2, 2, 0)x(0, 1, 1, 12)",488.4189526486631
653,"ARIMA(2, 2, 0)x(0, 1, 2, 12)",472.1262903780553
654,"ARIMA(2, 2, 0)x(0, 2, 0, 12)",1255.908262366786
655,"ARIMA(2, 2, 0)x(0, 2, 1, 12)",781.4441889470954
656,"ARIMA(2, 2, 0)x(0, 2, 2, 12)",543.421057143506
657,"ARIMA(2, 2, 0)x(1, 0, 0, 12)",459.45840195872637
658,"ARIMA(2, 2, 0)x(1, 0, 1, 12)",460.6233507851266
659,"ARIMA(2, 2, 0)x(1, 0, 2, 12)",450.91149438502634
660,"ARIMA(2, 2, 0)x(1, 1, 0, 12)",646.3688731044242
661,"ARIMA(2, 2, 0)x(1, 1, 1, 12)",491.4150578697379
662,"ARIMA(2, 2, 0)x(1, 1, 2, 12)",468.8464406215834
663,"ARIMA(2, 2, 0)x(1, 2, 0, 12)",992.5069089288609
664,"ARIMA(2, 2, 0)x(1, 2, 1, 12)",691.2448334692168
665,"ARIMA(2, 2, 0)x(1, 2, 2, 12)",544.7852375352777
666,"ARIMA(2, 2, 0)x(2, 0, 0, 12)",448.77931358277044
667,"ARIMA(2, 2, 0)x(2, 0, 1, 12)",450.3295669516264
668,"ARIMA(2, 2, 0)x(2, 0, 2, 12)",450.4810174094058
669,"ARIMA(2, 2, 0)x(2, 1, 0, 12)",572.5489276924618
670,"ARIMA(2, 2, 0)x(2, 1, 1, 12)",466.2895022534525
671,"ARIMA(2, 2, 0)x(2, 1, 2, 12)",466.20999234929144
672,"ARIMA(2, 2, 0)x(2, 2, 0, 12)",852.0068603952413
673,"ARIMA(2, 2, 0)x(2, 2, 1, 12)",619.3540406162572
674,"ARIMA(2, 2, 0)x(2, 2, 2, 12)",533.1898091455623
675,"ARIMA(2, 2, 1)x(0, 0, 0, 12)",197.75238304294794
676,"ARIMA(2, 2, 1)x(0, 0, 1, 12)",174.5069917967217
677,"ARIMA(2, 2, 1)x(0, 0, 2, 12)",174.98367385999398
678,"ARIMA(2, 2, 1)x(0, 1, 0, 12)",501.5761802773931
679,"ARIMA(2, 2, 1)x(0, 1, 1, 12)",215.24791203160675
680,"ARIMA(2, 2, 1)x(0, 1, 2, 12)",208.22820828584565
681,"ARIMA(2, 2, 1)x(0, 2, 0, 12)",989.7709383915274
682,"ARIMA(2, 2, 1)x(0, 2, 1, 12)",515.9207742420765
683,"ARIMA(2, 2, 1)x(0, 2, 2, 12)",285.1484138273468
684,"ARIMA(2, 2, 1)x(1, 0, 0, 12)",176.98518414937638
685,"ARIMA(2, 2, 1)x(1, 0, 1, 12)",177.23478380127642
686,"ARIMA(2, 2, 1)x(1, 0, 2, 12)",176.9499836662932
687,"ARIMA(2, 2, 1)x(1, 1, 0, 12)",360.65045391509756
688,"ARIMA(2, 2, 1)x(1, 1, 1, 12)",222.5797433087011
689,"ARIMA(2, 2, 1)x(1, 1, 2, 12)",204.55561800466705
690,"ARIMA(2, 2, 1)x(1, 2, 0, 12)",716.8951253848709
691,"ARIMA(2, 2, 1)x(1, 2, 1, 12)",417.6216636225609
692,"ARIMA(2, 2, 1)x(1, 2, 2, 12)",282.69124362914073
693,"ARIMA(2, 2, 1)x(2, 0, 0, 12)",175.1906872234785
694,"ARIMA(2, 2, 1)x(2, 0, 1, 12)",177.18454064098557
695,"ARIMA(2, 2, 1)x(2, 0, 2, 12)",178.95006149364457
696,"ARIMA(2, 2, 1)x(2, 1, 0, 12)",301.39204957727264
697,"ARIMA(2, 2, 1)x(2, 1, 1, 12)",209.51921604700908
698,"ARIMA(2, 2, 1)x(2, 1, 2, 12)",209.19705853918174
699,"ARIMA(2, 2, 1)x(2, 2, 0, 12)",581.2120319778073
700,"ARIMA(2, 2, 1)x(2, 2, 1, 12)",360.44356367976434
701,"ARIMA(2, 2, 1)x(2, 2, 2, 12)",297.4760201983759
702,"ARIMA(2, 2, 2)x(0, 0, 0, 12)",98.02067663157922
703,"ARIMA(2, 2, 2)x(0, 0, 1, 12)",88.57801072599469
704,"ARIMA(2, 2, 2)x(0, 0, 2, 12)",86.68299502655861
705,"ARIMA(2, 2, 2)x(0, 1, 0, 12)",400.6138550678866
706,"ARIMA(2, 2, 2)x(0, 1, 1, 12)",121.99162745011026
707,"ARIMA(2, 2, 2)x(0, 1, 2, 12)",119.17619864791271
708,"ARIMA(2, 2, 2)x(0, 2, 0, 12)",892.7823032517941
709,"ARIMA(2, 2, 2)x(0, 2, 1, 12)",426.73736317420594
710,"ARIMA(2, 2, 2)x(0, 2, 2, 12)",193.66253177592685
711,"ARIMA(2, 2, 2)x(1, 0, 0, 12)",156.76122693972147
712,"ARIMA(2, 2, 2)x(1, 0, 1, 12)",88.89793893607478
713,"ARIMA(2, 2, 2)x(1, 0, 2, 12)",88.62556804585293
714,"ARIMA(2, 2, 2)x(1, 1, 0, 12)",264.4173046451033
715,"ARIMA(2, 2, 2)x(1, 1, 1, 12)",130.17380684730534
716,"ARIMA(2, 2, 2)x(1, 1, 2, 12)",114.49831199931985
717,"ARIMA(2, 2, 2)x(1, 2, 0, 12)",630.3417897102968
718,"ARIMA(2, 2, 2)x(1, 2, 1, 12)",324.807729719636
719,"ARIMA(2, 2, 2)x(1, 2, 2, 12)",214.24394581564448
720,"ARIMA(2, 2, 2)x(2, 0, 0, 12)",85.96280142938153
721,"ARIMA(2, 2, 2)x(2, 0, 1, 12)",87.67220120876158
722,"ARIMA(2, 2, 2)x(2, 0, 2, 12)",94.77764948761525
723,"ARIMA(2, 2, 2)x(2, 1, 0, 12)",217.56306309854807
724,"ARIMA(2, 2, 2)x(2, 1, 1, 12)",124.72498378569118
725,"ARIMA(2, 2, 2)x(2, 1, 2, 12)",124.32558354705867
726,"ARIMA(2, 2, 2)x(2, 2, 0, 12)",497.38837891652327
727,"ARIMA(2, 2, 2)x(2, 2, 1, 12)",280.9015355770217
728,"ARIMA(2, 2, 2)x(2, 2, 2, 12)",199.90096412464482
